1,-114.340195,-114.340195
2,-108.53296,-114.28212
3,-90.48421,-114.044136
4,-119.7233,-114.10093
5,-60.73007,-113.56722
6,-129.35031,-113.72505
7,-63.646465,-113.224266
8,-127.80133,-113.37004
9,-124.859665,-113.48494
10,-128.82294,-113.63832
11,-130.79732,-113.80991
12,-124.00786,-113.911896
13,-65.5796,-113.42857
14,-85.48916,-113.14918
15,-90.24952,-112.92018
16,-106.07401,-112.851715
17,-144.55884,-113.168785
18,-104.15371,-113.078636
19,-105.064735,-112.9985
20,-106.459984,-112.93311
21,-116.91341,-112.972916
22,-114.2296,-112.98548
23,-132.25766,-113.17821
24,-111.913956,-113.165565
25,-140.48314,-113.43874
26,-85.54349,-113.1598
27,-112.03022,-113.1485
28,-102.51863,-113.0422
29,-128.80286,-113.1998
30,-106.66499,-113.13445
31,-135.95572,-113.36267
32,-119.30067,-113.42205
33,-69.34833,-112.981316
34,-111.27723,-112.96427
35,-146.74188,-113.302055
36,-119.466156,-113.3637
37,-126.90629,-113.49913
38,-144.59857,-113.81013
39,-108.60388,-113.758064
40,-113.52637,-113.755745
41,-51.93518,-51.93518
42,-122.62943,-52.642124
43,-130.0157,-53.41586
44,-110.93801,-53.99108
45,-38.746185,-53.838634
46,-98.01844,-54.28043
47,-111.10607,-54.848686
48,-45.660854,-54.75681
49,-43.789448,-54.647133
50,-98.55713,-55.086235
51,-72.75591,-55.26293
52,-74.32258,-55.45353
53,-77.257286,-55.671566
54,-49.97555,-55.614605
55,-59.679768,-55.65526
56,-62.427082,-55.722977
57,-52.0914,-55.68666
58,-89.82102,-56.028004
59,-46.20233,-55.92975
60,-119.25162,-119.25162
61,-114.8769,-119.20787
62,-97.82476,-118.99404
63,-64.1088,-118.44519
64,-43.024113,-117.69099
65,-117.68684,-117.69094
66,-108.44291,-117.59846
67,-115.28247,-117.575294
68,-128.9394,-117.688934
69,-129.5665,-117.80771
70,-116.85791,-117.79821
71,-113.2519,-117.752754
72,-117.406876,-117.7493
73,-114.21445,-117.71395
74,-112.6846,-117.66366
75,-111.177345,-117.59879
76,-125.57211,-117.67853
77,-118.912384,-117.69087
78,-115.325806,-117.66722
79,-113.046364,-117.62101
80,-107.16212,-117.516426
81,-123.36953,-117.57496
82,-112.836464,-117.52757
83,-113.976555,-117.49206
84,-132.67989,-117.643936
85,-113.391846,-117.60142
86,-117.64838,-117.60189
87,-122.32144,-117.649086
88,-111.29967,-117.585594
89,-116.01208,-117.569855
90,-120.11548,-117.595314
91,-111.1503,-117.53087
92,-123.60934,-117.59165
93,-116.0975,-117.576706
94,-83.12459,-117.232185
95,-117.96892,-117.239555
96,-113.91281,-117.20629
97,-106.09226,-117.09515
98,-116.63286,-117.09053
99,-114.43593,-117.06398
100,-123.0578,-117.12392
101,-114.398865,-117.096664
102,-117.304855,-117.09875
103,-97.12243,-116.89898
104,-122.62514,-116.95624
105,-90.62704,-116.69295
106,-100.73775,-116.533394
107,-105.00996,-116.41816
108,-117.055504,-116.42454
109,-81.78671,-116.078156
110,-65.44252,-115.5718
111,-105.19231,-115.46801
112,-109.28669,-115.4062
113,-1.342691,-114.265564
114,-85.53367,-113.97825
115,-81.63509,-113.65482
116,-73.57803,-113.25405
117,3.4781108,-112.08673
118,-109.35008,-112.059364
119,-109.57166,-112.03449
120,7.3099236,-110.84105
121,-52.475037,-110.25739
122,-56.899406,-109.723816
123,-52.611725,-109.152695
124,-98.65934,-109.04777
125,-51.258186,-108.46987
126,-38.990265,-107.77508
127,-34.217094,-107.0395
128,-50.629425,-106.475395
129,-37.26327,-105.78328
130,-29.576105,-105.02121
131,-33.92857,-104.31029
132,-35.127834,-103.61847
133,-94.86689,-103.53095
134,-26.431293,-102.75996
135,-46.392536,-102.19629
136,-13.900648,-101.31333
137,29.246,-100.007744
138,54.6229,-98.46144
139,-41.3954,-97.890785
140,66.08956,-96.250984
141,65.96547,-94.62882
142,-51.74688,-94.200005
143,85.26533,-92.40535
144,0.93648857,-91.47194
145,-32.270912,-90.87993
146,-99.23808,-90.96351
147,-99.45876,-91.04846
148,106.20204,-89.07596
149,103.337555,-87.15182
150,-56.862713,-86.84892
151,83.4989,-85.14544
152,153.1575,-82.762405
153,148.47778,-80.450005
154,-124.85693,-80.89407
155,120.76726,-78.877464
156,8.392712,-78.00477
157,119.44841,-76.03024
158,114.67022,-74.12324
159,-17.452162,-73.556526
160,108.18137,-71.73915
161,130.68925,-69.71487
162,141.89354,-67.59878
163,84.69225,-66.07587
164,126.91224,-64.14599
165,181.76582,-61.68687
166,171.49051,-59.3551
167,200.4768,-56.75678
168,213.37282,-54.055485
169,179.75252,-51.717407
170,196.1261,-49.23897
171,191.72954,-46.82929
172,215.34918,-44.207504
173,214.35881,-41.62184
174,197.18845,-39.233738
175,252.53047,-36.316097
176,-87.46514,-36.82759
177,246.15892,-33.997726
178,220.53612,-31.452389
179,231.24818,-28.825382
180,218.03085,-26.35682
181,231.93149,-23.773935
182,224.9933,-21.286263
183,240.3507,-18.669893
184,-41.68723,-18.900066
185,-30.865562,-19.01972
186,26.182404,-18.5677
187,238.37961,-15.998227
188,219.89615,-13.639284
189,10.15554,-13.401336
190,224.88031,-11.018519
191,239.7551,-8.510784
192,230.35208,-6.1221557
193,226.67729,-3.794161
194,207.28236,-1.6833961
195,222.08046,0.55424225
196,239.7636,2.9463358
197,227.47116,5.191584
198,253.80031,7.6776714
199,255.81902,10.159085
200,269.52588,12.752752
201,272.62314,15.351457
202,271.62183,17.91416
203,264.27173,20.377735
204,259.12772,22.765236
205,271.13757,25.24896
206,269.58887,27.69236
207,267.07693,30.086205
208,259.61417,32.381485
209,260.33115,34.66098
210,263.83536,36.952724
211,260.91843,39.192383
212,268.21533,41.482613
213,264.57928,43.71358
214,269.2154,45.9686
215,272.04727,48.22939
216,264.51938,50.392292
217,269.4803,52.58317
218,274.39035,54.801247
219,281.51398,57.068375
220,278.27713,59.280464
221,272.16492,61.40931
222,275.20316,63.54725
223,280.3545,65.715324
224,278.8226,67.8464
225,281.04468,69.97838
226,283.43295,72.11292
227,280.10205,74.19281
228,282.74265,76.278305
229,281.53207,78.33085
230,287.05972,80.41814
231,283.48914,82.448845
232,285.00592,84.47442
233,286.84024,86.49808
234,293.52237,88.56832
235,286.66168,90.549255
236,279.9872,92.443634
237,281.67365,94.33593
238,284.87146,96.24129
239,284.0345,98.119225
240,100.07709,98.1388
241,285.2929,100.010345
242,283.563,101.84588
243,284.56412,103.673065
244,287.6327,105.512665
245,285.0539,107.30808
246,286.69058,109.101906
247,287.383,110.88472
248,290.93515,112.68523
249,288.03848,114.43876
250,286.60925,116.16046
251,286.4329,117.86318
252,287.23404,119.55689
253,284.96686,121.211
254,278.4466,122.783356
255,288.63272,124.44186
256,287.4955,126.072395
257,280.2796,127.61447
258,283.70657,129.17538
259,285.69952,130.74063
260,282.5637,132.25887
261,286.44522,133.80074
262,284.98303,135.31255
263,277.40436,136.73347
264,278.82922,138.15443
265,287.0534,139.64342
266,285.9097,141.10608
267,283.98416,142.53487
268,288.85535,143.99806
269,287.00952,145.42819
270,150.8268,145.48218
271,288.6653,146.91402
272,289.67923,148.34167
273,286.20905,149.72035
274,124.05817,149.46373
275,284.42932,150.8134
276,286.9832,152.1751
277,287.48367,153.52818
278,290.76126,154.90051
279,285.11557,156.20265
280,287.38922,157.51451
281,289.64163,158.83578
282,290.3785,160.1512
283,46.203583,159.01172
284,-106.9932,156.35167
285,146.0439,156.24858
286,288.83752,157.57448
287,293.04953,158.92923
288,159.74814,158.93742
289,292.4959,160.27301
290,291.83313,161.58862
291,-23.554749,159.73718
292,293.31342,161.07295
293,292.90817,162.3913
294,-9.372009,160.67366
295,-56.877068,158.49815
296,290.48984,159.81807
297,74.17876,158.96169
298,-75.582306,156.61624
299,102.78415,156.07793
300,278.17413,157.29889
301,29.424835,156.02016
302,283.29346,157.2929
303,289.70215,158.61699
304,285.88156,159.88963
305,-80.7459,157.48328
306,284.96143,158.75806
307,290.1136,160.07161
308,293.2124,161.40303
309,285.0978,162.63998
310,287.24484,163.88603
311,291.1908,165.15909
312,291.00632,166.41756
313,292.5504,167.6789
314,290.5532,168.90764
315,287.80817,170.09665
316,297.5131,171.37082
317,293.68774,172.594
318,293.06366,173.79869
319,296.25583,175.02325
320,296.30978,176.23613
321,293.88782,177.41264
322,296.25192,178.60104
323,297.90085,179.79404
324,297.71155,180.9732
325,295.44632,182.11795
326,293.7999,183.23477
327,291.25882,184.315
328,291.7402,185.38925
329,291.54608,186.45082
330,289.7126,187.48344
331,289.3552,188.50217
332,295.57382,189.57288
333,294.117,190.61833
334,293.7872,191.65001
335,295.29016,192.6864
336,293.39862,193.69353
337,289.91452,194.65573
338,294.6596,195.65578
339,292.82013,196.62743
340,287.72885,197.53844
341,291.50952,198.47815
342,291.39594,199.40732
343,296.90073,200.38226
344,-58.283005,197.79562
345,295.26544,198.77032
346,292.82602,199.71088
347,293.49402,200.64871
348,291.30273,201.55525
349,293.4203,202.4739
350,284.15805,203.29076
351,290.63245,204.16417
352,293.6465,205.05899
353,292.74634,205.93587
354,-111.09253,202.76558
355,151.57419,202.25368
356,283.8923,203.07007
357,285.95486,203.89891
358,-126.19809,200.59795
359,285.22214,201.44418
360,-134.8487,198.08127
361,148.5218,197.58568
362,-127.75579,194.33226
363,-121.08239,191.17812
364,-128.5052,187.9813
365,-126.20048,184.83948
366,-123.50504,181.75604
367,-125.03356,178.68814
368,127.91664,178.18042
369,-129.02777,175.10834
370,-136.1238,171.99602
371,-139.60289,168.88004
372,63.75383,167.82878
373,251.71733,168.66766
374,-130.39459,165.67705
375,72.88667,164.74915
376,-152.3262,161.5784
377,-136.05835,158.60204
378,-67.13824,156.34464
379,-130.33264,153.47786
380,-115.60236,150.78706
381,-120.12986,148.0779
382,-120.023384,145.39688
383,-119.46151,142.7483
384,-119.19122,140.12892
385,-118.67431,137.5409
386,-118.41295,134.98135
387,-117.136154,132.46019
388,-121.160515,129.92398
389,-120.31242,127.421616
390,-117.887146,124.96853
391,-130.02362,122.4186
392,-118.96715,120.004745
393,-120.15782,117.60313
394,-122.11685,115.205925
395,-123.584854,112.818016
396,-124.49423,110.44489
397,-123.60031,108.10445
398,-121.862,105.80478
399,-123.52914,103.511444
400,-120.749664,101.26884
401,-119.78491,99.058304
402,-122.89285,96.83879
403,-117.238365,94.69802
404,-118.84639,92.562584
405,-123.12652,90.40569
406,-122.31728,88.278465
407,-128.11514,86.11453
408,-129.59064,83.95748
409,-125.35942,81.86431
410,-127.97456,79.76592
411,-126.54735,77.70279
412,-141.61711,75.50959
413,-145.4133,73.30036
414,-132.85733,71.238785
415,-126.79219,69.25848
416,-142.0004,67.14589
417,-124.22148,65.232216
418,-126.44012,63.315495
419,-120.52689,61.47707
420,-121.79756,59.644325
421,-122.736885,57.820515
422,-122.100075,56.02131
423,-126.86749,54.19242
424,-125.723816,52.39326
425,-123.06517,50.638676
426,-128.68205,48.84547
427,-122.98941,47.127125
428,-131.271,45.343143
429,-126.19152,43.6278
430,-124.789055,41.94363
431,-128.0907,40.243286
432,-121.02823,38.630573
433,-132.53008,36.918964
434,-127.20197,35.277756
435,-130.08887,33.624092
436,-125.49911,32.032864
437,-126.56007,30.446936
438,-126.31214,28.879347
439,-123.50063,27.355547
440,-134.078,25.74121
441,-128.55508,24.198248
442,-137.74933,22.578773
443,-123.11855,21.1218
444,-129.21951,19.618387
445,-130.08575,18.121346
446,-134.31985,16.596933
447,-130.01584,15.130805
448,-128.69888,13.692508
449,-135.5038,12.200545
450,-122.053246,10.858007
451,-134.86438,9.400784
452,-125.15905,8.055185
453,-122.369255,6.7509413
454,-139.66843,5.286748
455,-141.9888,3.8139925
456,-138.6371,2.3894815
457,-142.14554,0.9441314
458,-139.85318,-0.46384174
459,-131.14148,-1.7706181
460,-132.62598,-3.0791717
461,-131.53769,-4.3637567
462,-156.94878,-5.8896065
463,-139.6201,-7.2269115
464,-152.29121,-8.677555
465,-140.44403,-9.995219
466,-136.55768,-11.260844
467,-131.67416,-12.464978
468,-140.39407,-13.744268
469,-128.29602,-14.889786
470,-121.74402,-15.958328
471,-122.151,-17.020256
472,-145.54333,-18.305487
473,-132.9646,-19.452078
474,-123.10573,-20.488615
475,-129.40596,-21.57779
476,-136.04857,-22.722496
477,-127.58753,-23.771147
478,-138.9813,-24.923248
479,-136.91092,-26.043125
480,-122.7391,-27.010084
481,-130.24338,-28.042418
482,-127.870834,-29.0407
483,-128.87663,-30.03906
484,-129.47772,-31.033447
485,-124.067825,-31.963793
486,-147.80452,-33.1222
487,-138.23547,-34.173332
488,-139.56538,-35.227253
489,-114.1138,-36.016117
490,-133.05338,-36.98649
491,-145.52773,-38.0719
492,-149.70866,-39.188267
493,-138.66406,-40.18302
494,-180.00168,-41.58121
495,-124.60492,-42.411446
496,-144.70322,-43.434364
497,-167.89774,-44.679
498,-152.54684,-45.75768
499,-143.28262,-46.73293
500,-128.1172,-47.546776
501,-146.07568,-48.532066
502,-146.07605,-49.507507
503,-153.75542,-50.549988
504,-147.56445,-51.52013
505,-184.57431,-52.85067
506,-189.5372,-54.217533
507,-117.78813,-54.85324
508,-135.02739,-55.654984
509,-134.80896,-56.446526
510,-7.0216537,-55.95228
511,-113.13588,-56.524117
512,-93.01203,-56.888996
513,-51.611595,-56.836224
514,-55.3004,-56.820866
515,-58.780964,-56.84047
516,-104.634865,-57.318413
517,-112.40471,-57.869274
518,-84.307236,-58.13365
519,-132.64665,-58.87878
520,-79.21225,-59.082115
521,160.43542,-56.88694
522,-118.631165,-57.50438
523,-68.64847,-57.61582
524,-35.087326,-57.390537
525,-106.12282,-57.87786
526,-104.273766,-58.34182
527,-103.01911,-58.788593
528,-72.53971,-58.9261
529,-107.81143,-59.414955
530,-92.284065,-59.743645
531,-80.42117,-59.95042
532,-30.346764,-59.654385
533,211.61217,-56.94172
534,-135.1553,-57.723854
535,207.42091,-55.07241
536,178.17781,-52.73991
537,254.46153,-49.667896
538,259.67078,-46.574512
539,271.58865,-43.392883
540,-97.16872,-43.93064
541,283.42813,-40.657055
542,276.5924,-37.484562
543,167.82104,-35.431507
544,280.32996,-32.273895
545,-133.5349,-33.286507
546,284.0436,-30.113209
547,-122.45285,-31.036606
548,-136.35622,-32.0898
549,-100.28044,-32.77171
550,56.87999,-31.875193
551,-116.72281,-32.723667
552,279.8361,-29.59807
553,-114.74264,-30.449516
554,281.3063,-27.331959
555,-91.31915,-27.97183
556,-123.02968,-28.92241
557,-130.57188,-29.938904
558,-117.879265,-30.818308
559,-120.9798,-31.719923
560,-120.737625,-32.6101
561,-112.21324,-33.40613
562,282.54944,-30.246576
563,274.42715,-27.199839
564,282.12122,-24.106628
565,-59.10586,-24.456621
566,280.88864,-21.40317
567,-75.17241,-21.940863
568,276.48605,-18.956594
569,-3.6949463,-18.803978
570,273.39127,-15.882026
571,280.42365,-12.918969
572,262.83273,-10.161452
573,261.81137,-7.441725
574,-53.42866,-7.901594
575,253.79356,-5.284643
576,282.69962,-2.4048007
577,269.58105,0.315058
578,265.69806,2.9688878
579,267.87387,5.6179376
580,96.90352,6.530793
581,262.31256,9.088611
582,272.8768,11.726492
583,-6.845703,11.540771
584,280.35788,14.228941
585,270.4848,16.7915
586,283.55084,19.459093
587,284.55032,22.110004
588,124.423035,23.133135
589,281.98862,25.721691
590,289.53754,28.359848
591,287.6071,30.95232
592,289.39386,33.536736
593,154.64532,34.74782
594,58.31134,34.98346
595,66.81264,35.30175
596,288.02307,37.828964
597,291.68307,40.367508
598,289.1329,42.855164
599,291.3494,45.340107
600,293.70178,47.823727
601,289.6725,50.242214
602,291.71967,52.65699
603,293.37766,55.064198
604,289.7211,57.410767
605,288.48187,59.721478
606,288.5525,62.00979
607,284.87088,64.238396
608,278.12103,66.37722
609,280.97556,68.5232
610,280.3657,70.641624
611,282.1513,72.75672
612,284.31885,74.87234
613,277.86432,76.90225
614,278.72153,78.92045
615,277.2105,80.90334
616,280.24457,82.89675
617,281.63504,84.88414
618,-8.358185,83.95172
619,285.27606,85.964966
620,285.6449,87.96176
621,279.12796,89.87343
622,282.96274,91.80432
623,281.36133,93.69989
624,280.42538,95.56715
625,281.0158,97.42163
626,286.04373,99.30785
627,281.65207,101.131294
628,281.1721,102.9317
629,280.3364,104.70575
630,283.1946,106.49064
631,289.9309,108.32504
632,289.72467,110.13904
633,286.05798,111.89823
634,276.4726,113.543976
635,283.3828,115.24237
636,280.3115,116.89307
637,46.04088,116.18455
638,279.3394,117.8161
639,276.58514,119.40379
640,280.48404,121.014595
641,-52.85164,119.27593
642,288.11438,120.96432
643,168.73526,121.44203
644,282.24133,123.050026
645,276.81262,124.587654
646,284.06503,126.182434
647,282.40244,127.74463
648,278.39993,129.25119
649,284.94437,130.80812
650,286.3041,132.36308
651,283.7382,133.87685
652,287.51147,135.41321
653,285.88983,136.91798
654,280.72903,138.35611
655,284.82117,139.82076
656,284.70523,141.26959
657,284.2275,142.69917
658,282.2447,144.09464
659,280.15826,145.45528
660,-16.777618,143.83296
661,281.71158,145.21176
662,282.6695,146.58633
663,283.59143,147.95638
664,278.05252,149.25732
665,281.5462,150.58022
666,289.583,151.97025
667,287.06854,153.32123
668,282.37872,154.6118
669,80.33307,153.86902
670,288.09473,155.21127
671,285.36032,156.51277
672,283.96323,157.78728
673,284.27753,159.05219
674,282.8462,160.29013
675,283.05368,161.51776
676,285.4523,162.75711
677,284.82272,163.97777
678,283.94266,165.17743
679,294.58487,166.4715
680,288.04953,167.68727
681,286.0992,168.8714
682,288.12402,170.06393
683,289.1742,171.25504
684,284.8922,172.3914
685,294.63428,173.61385
686,292.398,174.8017
687,296.93777,176.02306
688,291.27814,177.17561
689,293.59244,178.33978
690,290.9057,179.46544
691,289.613,180.56693
692,291.5375,181.67664
693,290.0534,182.7604
694,293.39145,183.86671
695,289.1532,184.91957
696,290.51993,185.97557
697,293.32227,187.04904
698,291.116,188.08972
699,291.67474,189.12558
700,291.88174,190.15315
701,296.83603,191.21997
702,289.83377,192.2061
703,291.53574,193.1994
704,293.10925,194.1985
705,295.6123,195.21263
706,296.7922,196.22844
707,148.04686,195.74663
708,296.82446,196.75742
709,299.13074,197.78114
710,299.83792,198.80171
711,298.51016,199.7988
712,294.48132,200.74562
713,297.57733,201.71393
714,297.65817,202.67337
715,296.9463,203.6161
716,292.79932,204.50793
717,291.75793,205.38043
718,292.60815,206.25272
719,298.677,207.17696
720,290.47586,208.00995
721,288.151,208.81137
722,291.3632,209.6369
723,291.35794,210.4541
724,294.29507,211.29251
725,291.5488,212.09506
726,296.48492,212.93896
727,293.90338,213.74861
728,291.95572,214.53069
729,291.4614,215.29999
730,291.41934,216.06119
731,293.7372,216.83795
732,298.8911,217.65848
733,293.5484,218.41737
734,293.753,219.17073
735,292.0467,219.89949
736,293.53635,220.63586
737,289.6577,221.32608
738,296.04227,222.07324
739,299.6496,222.849
740,299.5795,223.6163
741,298.3962,224.3641
742,297.31967,225.09366
743,300.7695,225.85042
744,298.64838,226.5784
745,296.18777,227.2745
746,301.68646,228.01863
747,298.1273,228.71973
748,301.4943,229.44746
749,301.90857,230.17207
750,304.40695,230.91443
751,302.32285,231.62851
752,300.86313,232.32086
753,302.87378,233.02638
754,59.317505,231.28929
755,301.55203,231.99191
756,304.21857,232.71419
757,304.0308,233.42737
758,302.4484,234.11758
759,298.6605,234.76302
760,298.9595,235.40498
761,300.2445,236.05338
762,298.93497,236.68219
763,297.02243,237.2856
764,298.15903,237.89435
765,301.38425,238.52925
766,304.4989,239.18895
767,302.40454,239.8211
768,299.5789,240.41869
769,300.9383,241.02388
770,298.42426,241.59789
771,296.77408,242.14966
772,301.9419,242.74759
773,297.74606,243.29758
774,301.56766,243.88028
775,300.54752,244.44696
776,301.94998,245.02199
777,306.51752,245.63695
778,298.82846,246.16887
779,300.8286,246.71547
780,291.69818,247.1653
781,-7.9560547,244.61409
782,-5.1765366,242.1162
783,116.869385,240.86374
784,301.46713,241.46979
785,301.14502,242.06654
786,26.75071,239.91338
787,303.02182,240.54446
788,304.029,241.1793
789,303.28607,241.80038
790,302.73734,242.40976
791,305.06522,243.03632
792,296.92538,243.57521
793,298.2822,244.12228
794,303.6356,244.71742
795,297.11578,245.24141
796,300.24484,245.79144
797,302.84387,246.36197
798,301.98044,246.91815
799,299.25314,247.44151
800,298.2091,247.94919
801,299.72113,248.4669
802,297.7908,248.96014
803,296.98102,249.44035
804,298.33694,249.92932
805,296.37558,250.39378
806,300.84134,250.89825
807,298.8725,251.37799
808,296.22656,251.82648
809,299.43906,252.3026
810,302.13242,252.8009
811,298.99017,253.2628
812,301.43307,253.7445
813,302.58777,254.23294
814,302.44308,254.71504
815,300.64432,255.17433
816,296.55865,255.58818
817,301.30722,256.04538
818,301.0213,256.49515
819,298.19556,256.91217
820,301.89236,257.36197
821,303.7576,257.82593
822,301.21524,258.25983
823,301.709,258.69434
824,299.4203,259.1016
825,299.45093,259.5051
826,300.17975,259.91183
827,297.8403,260.2911
828,301.7013,260.7052
829,119.19115,259.29007
830,300.24423,259.69962
831,299.00674,260.0927
832,300.75146,260.4993
833,298.7723,260.88205
834,303.45612,261.3078
835,300.09048,261.69565
836,298.04388,262.05914
837,303.9072,262.47763
838,298.20407,262.8349
839,297.01416,263.1767
840,41.577866,260.9607
841,300.0238,261.35132
842,300.67554,261.74454
843,302.05142,262.1476
844,301.28766,262.53903
845,294.05527,262.8542
846,298.6638,263.21228
847,302.19345,263.6021
848,300.1969,263.96808
849,298.8626,264.31702
850,297.34555,264.6473
851,298.03058,264.98114
852,-17.3096,262.15823
853,292.56866,262.46234
854,294.5492,262.7832
855,299.35202,263.1489
856,296.85367,263.48593
857,297.06897,263.82178
858,296.87146,264.15228
859,3.7440567,261.54822
860,302.5719,261.95847
861,300.20117,262.3409
862,297.72382,262.69473
863,300.3018,263.0708
864,295.6616,263.3967
865,295.93158,263.72205
866,299.12448,264.07608
867,296.3646,264.399
868,295.5686,264.7107
869,291.2841,264.97644
870,290.64337,265.23312
871,292.4498,265.50528
872,297.446,265.82468
873,298.0974,266.14743
874,295.868,266.44464
875,297.6654,266.75687
876,298.3227,267.0725
877,300.88632,267.41064
878,301.41608,267.7507
879,297.99185,268.05313
880,300.9911,268.3825
881,295.12012,268.6499
882,297.50867,268.9385
883,295.39133,269.20303
884,301.6543,269.52756
885,296.01932,269.79248
886,-2.9003448,267.06555
887,297.43103,267.3692
888,297.92636,267.6748
889,296.0629,267.95868
890,293.98846,268.21896
891,297.67407,268.51352
892,299.6134,268.82452
893,297.33038,269.1096
894,298.3456,269.40195
895,299.11743,269.6991
896,295.9722,269.96182
897,299.28845,270.2551
898,295.0754,270.5033
899,296.8988,270.76727
900,300.2154,271.06177
901,299.63376,271.3475
902,302.02145,271.65424
903,295.164,271.8893
904,296.38095,272.13422
905,294.88724,272.36176
906,297.76312,272.61578
907,294.93326,272.83896
908,292.31866,273.03375
909,296.05447,273.26395
910,297.7086,273.5084
911,297.85107,273.75183
912,297.1418,273.98572
913,299.8166,274.24402
914,297.5454,274.47705
915,297.93192,274.71158
916,298.8824,274.9533
917,298.83405,275.1921
918,299.383,275.43402
919,300.10004,275.6807
920,296.76617,275.89154
921,299.63712,276.129
922,296.3026,276.33072
923,297.6021,276.54343
924,298.55933,276.76358
925,300.35696,276.9995
926,298.8141,277.21765
927,300.88113,277.45428
928,300.47705,277.6845
929,302.20285,277.9297
930,299.016,278.14056
931,302.32184,278.3824
932,301.9989,278.61856
933,297.1652,278.80402
934,300.52368,279.02124
935,304.17078,279.27274
936,303.86636,279.51868
937,303.17798,279.75525
938,303.20926,279.9898
939,300.46103,280.19452
940,301.69775,280.40955
941,300.30576,280.6085
942,304.56982,280.84808
943,304.74796,281.0871
944,304.41937,281.3204
945,304.0941,281.54816
946,90.164474,279.6343
947,305.97186,279.8977
948,303.21826,280.13092
949,303.68872,280.36652
950,303.22342,280.5951
951,305.0685,280.83984
952,301.07703,281.0422
953,302.33282,281.2551
954,303.7251,281.4798
955,302.0552,281.68555
956,300.96515,281.87833
957,299.67575,282.0563
958,305.27774,282.2885
959,306.95792,282.53522
960,300.66113,282.7165
961,307.87445,282.96808
962,308.9202,283.2276
963,307.1448,283.46677
964,301.87076,283.65082
965,303.0641,283.84494
966,299.75385,284.00403
967,300.324,284.16724
968,299.4262,284.31982
969,302.0788,284.4974
970,305.01694,284.7026
971,304.81177,284.90372
972,302.79172,285.0826
973,303.4325,285.2661
974,304.27426,285.4562
975,301.46942,285.61633
976,301.4945,285.77512
977,306.50385,285.9824
978,303.3988,286.15656
979,297.06104,286.2656
980,306.2818,286.46576
981,300.9738,286.61084
982,300.8399,286.7531
983,303.3187,286.91876
984,300.72247,287.05682
985,300.88547,287.1951
986,302.95663,287.35272
987,303.2732,287.51193
988,303.0977,287.6678
989,301.8187,287.8093
990,301.21014,287.94333
991,91.477036,285.97867
992,296.89825,286.0879
993,70.70766,283.93408
994,301.33563,284.10812
995,299.0216,284.25726
996,300.78555,284.42255
997,298.75534,284.5659
998,300.7716,284.72797
999,303.07443,284.9114
1000,82.45224,282.8868
1001,299.20563,283.05002
1002,300.0179,283.2197
1003,307.07516,283.45825
1004,300.86578,283.63232
1005,299.23727,283.78836
1006,299.9632,283.9501
1007,302.34625,284.13406
1008,301.50616,284.3078
1009,297.94794,284.4442
1010,302.06128,284.62036
1011,297.54376,284.7496
1012,301.45175,284.91663
1013,298.1031,285.0485
1014,301.17532,285.20975
1015,306.4366,285.42203
1016,301.31137,285.58093
1017,298.74362,285.71255
1018,300.836,285.8638
1019,300.31186,286.00827
1020,302.59216,286.1741
1021,304.93018,286.3617
1022,305.30017,286.5511
1023,293.72717,286.62286
1024,303.8976,286.79562
1025,302.34625,286.95114
1026,302.3967,287.1056
1027,300.61365,287.24066
1028,305.63168,287.42456
1029,304.88516,287.59918
1030,298.55444,287.70874
1031,303.4904,287.86658
1032,302.55847,288.0135
1033,306.95184,288.20288
1034,303.3908,288.35477
1035,296.8223,288.43945
1036,303.30627,288.5881
1037,303.6879,288.7391
1038,302.72443,288.87897
1039,303.13275,289.0215
1040,300.41052,289.13544
1041,304.23322,289.2864
1042,300.47437,289.3983
1043,303.11948,289.5355
1044,302.99515,289.67007
1045,303.86353,289.812
1046,303.74963,289.9514
1047,55.975784,287.61163
1048,303.47888,287.77032
1049,303.7441,287.93008
1050,301.5046,288.06583
1051,189.00085,287.0752
1052,302.09155,287.22534
1053,299.53384,287.34842
1054,303.42618,287.50922
1055,299.8217,287.63235
1056,303.03735,287.7864
1057,302.86206,287.93716
1058,305.03873,288.1082
1059,302.46854,288.2518
1060,301.93988,288.3887
1061,307.7286,288.58212
1062,306.74118,288.76373
1063,303.60245,288.9121
1064,304.12012,289.06418
1065,303.27795,289.20633
1066,308.1101,289.3954
1067,306.0903,289.56235
1068,301.99026,289.6866
1069,307.35303,289.86328
1070,307.99167,290.0446
1071,309.40347,290.23816
1072,302.1561,290.35736
1073,307.31046,290.5269
1074,303.7774,290.6594
1075,307.20764,290.8249
1076,306.8184,290.98483
1077,307.2092,291.14706
1078,308.18726,291.31747
1079,309.18857,291.4962
1080,312.31253,291.70438
1081,301.797,291.8053
1082,304.78513,291.9351
1083,304.42374,292.06
1084,306.48328,292.20422
1085,299.17618,292.27396
1086,308.38245,292.43506
1087,305.2882,292.5636
1088,308.33105,292.72128
1089,305.02652,292.84433
1090,307.06122,292.9865
1091,307.4139,293.13077
1092,306.8795,293.26825
1093,306.66205,293.4022
1094,302.92078,293.49738
1095,300.3735,293.56613
1096,301.78964,293.64835
1097,305.35968,293.76544
1098,306.6313,293.8941
1099,303.23428,293.98752
1100,305.8679,294.10632
1101,301.5523,294.1808
1102,302.82217,294.2672
1103,301.20108,294.33658
1104,304.58514,294.43906
1105,303.81598,294.5328
1106,306.52676,294.65277
1107,304.36118,294.74985
1108,304.79376,294.85028
1109,304.17963,294.9436
1110,302.1267,295.01544
1111,305.99182,295.12518
1112,302.96045,295.20352
1113,306.5997,295.3175
1114,307.8128,295.44244
1115,306.3473,295.5515
1116,308.90222,295.68503
1117,301.55054,295.74368
1118,301.36838,295.79993
1119,304.62793,295.88818
1120,305.78662,295.98715
1121,303.807,296.06534
1122,305.04898,296.15515
1123,305.91925,296.2528
1124,304.36423,296.33392
1125,301.03525,296.38092
1126,304.05737,296.4577
1127,301.95795,296.51273
1128,300.44656,296.55206
1129,302.31152,296.60965
1130,300.84167,296.65198
1131,297.76318,296.6631
1132,304.4181,296.74066
1133,297.37622,296.747
1134,300.7481,296.78702
1135,305.14407,296.8706
1136,301.73166,296.91922
1137,302.75946,296.97763
1138,302.91055,297.03696
1139,299.76917,297.06427
1140,302.356,297.1172
1141,302.9831,297.17584
1142,302.6627,297.23074
1143,304.041,297.29886
1144,304.158,297.36743
1145,302.447,297.41824
1146,302.24927,297.46655
1147,300.64374,297.49832
1148,304.14206,297.56476
1149,300.12405,297.59036
1150,300.24658,297.61694
1151,303.27002,297.6735
1152,301.54834,297.71222
1153,300.6041,297.74115
1154,304.57535,297.80948
1155,298.71066,297.8185
1156,303.6466,297.8768
1157,56.418,295.46222
1158,65.85428,293.16614
1159,300.47025,293.23917
1160,297.8198,293.28497
1161,305.84967,293.4106
1162,301.856,293.49506
1163,304.57977,293.60593
1164,306.65616,293.73642
1165,304.4302,293.84338
1166,306.9962,293.9749
1167,306.59204,294.10107
1168,306.7103,294.22717
1169,306.68945,294.3518
1170,304.02936,294.44858
1171,303.16345,294.53574
1172,305.8678,294.64908
1173,303.9037,294.7416
1174,307.18372,294.86603
1175,304.07217,294.95807
1176,304.57318,295.05423
1177,304.00427,295.14374
1178,304.4774,295.23706
1179,302.4833,295.30954
1180,301.98566,295.3763
1181,304.69675,295.4695
1182,305.86108,295.57346
1183,304.4245,295.662
1184,307.6868,295.78226
1185,306.83328,295.89276
1186,304.45874,295.97842
1187,308.54825,296.10413
1188,303.73065,296.1804
1189,306.42148,296.2828
1190,306.91336,296.3891
1191,306.15143,296.48672
1192,307.93024,296.60117
1193,302.1003,296.65616
1194,306.5286,296.75488
1195,301.99564,296.80728
1196,308.7924,296.92712
1197,307.85364,297.03638
1198,308.5328,297.15134
1199,307.6787,297.25662
1200,305.0371,297.33444
1201,304.77808,297.4089
1202,303.8897,297.47372
1203,306.7838,297.56683
1204,301.09476,297.6021
1205,305.4048,297.68015
1206,305.89386,297.76227
1207,304.877,297.8334
1208,305.06586,297.90573
1209,304.49387,297.97162
1210,309.1723,298.08365
1211,306.7452,298.17026
1212,307.18814,298.26044
1213,306.43457,298.34216
1214,304.95053,298.40823
1215,305.99738,298.48413
1216,304.50323,298.54434
1217,304.07428,298.59964
1218,307.87912,298.69244
1219,307.18033,298.77734
1220,307.24734,298.86206
1221,306.58032,298.93924
1222,307.09723,299.02084
1223,304.90616,299.0797
1224,307.41974,299.16312
1225,307.3981,299.24545
1226,306.39178,299.3169
1227,306.83133,299.39203
1228,306.59616,299.46405
1229,309.62842,299.5657
1230,307.81848,299.64822
1231,307.22418,299.72397
1232,306.84973,299.79526
1233,307.81125,299.87543
1234,306.16046,299.9383
1235,304.046,299.97937
1236,305.8632,300.0382
1237,305.4669,300.0925
1238,309.8832,300.19043
1239,306.93515,300.2579
1240,310.73257,300.36267
1241,308.56995,300.44473
1242,306.45807,300.50485
1243,306.9629,300.56946
1244,306.91345,300.63287
1245,309.5395,300.72195
1246,306.96384,300.7844
1247,307.609,300.85263
1248,310.2823,300.94693
1249,307.54068,301.01288
1250,307.2877,301.07562
1251,308.7423,301.1523
1252,308.65305,301.22733
1253,309.3546,301.3086
1254,305.69955,301.3525
1255,308.07816,301.41977
1256,307.6097,301.4817
1257,306.99768,301.53687
1258,308.2563,301.60403
1259,308.71725,301.67514
1260,305.46548,301.71304
1261,308.56766,301.7816
1262,307.2571,301.83633
1263,310.70947,301.92505
1264,307.9684,301.98547
1265,309.23413,302.05795
1266,311.76053,302.155
1267,309.1841,302.22528
1268,308.01324,302.28317
1269,307.74213,302.33777
1270,307.43262,302.38873
1271,307.1367,302.43622
1272,307.61783,302.48804
1273,307.2126,302.53528
1274,309.02783,302.6002
1275,307.31296,302.6473
1276,308.36908,302.70453
1277,307.7739,302.75522
1278,307.5134,302.8028
1279,302.91617,302.80396
1280,305.75296,302.83344
1281,309.00464,302.89517
1282,311.04645,302.97668
1283,307.85303,303.02545
1284,309.37216,303.08893
1285,306.60355,303.12408
1286,308.09103,303.17374
1287,306.26474,303.20465
1288,306.7431,303.24005
1289,307.63992,303.28403
1290,310.2034,303.3532
1291,307.32373,303.3929
1292,308.0466,303.43945
1293,311.05554,303.51562
1294,309.47717,303.57523
1295,311.3576,303.65308
1296,309.9885,303.71643
1297,309.44342,303.77368
1298,305.439,303.79034
1299,307.85437,303.831
1300,310.16855,303.89438
1301,308.59882,303.94144
1302,306.09055,303.96295
1303,308.37238,304.00705
1304,307.46878,304.04166
1305,308.46765,304.08594
1306,310.62677,304.15134
1307,306.9984,304.1798
1308,308.94586,304.22745
1309,310.31894,304.28836
1310,309.2822,304.33832
1311,308.50854,304.38004
1312,308.5772,304.42203
1313,308.43942,304.4622
1314,307.4738,304.4923
1315,309.431,304.5417
1316,309.53702,304.59164
1317,311.83603,304.6641
1318,311.07,304.72815
1319,310.07922,304.78168
1320,308.69507,304.8208
1321,310.56598,304.87823
1322,309.6385,304.92584
1323,309.8519,304.9751
1324,308.71277,305.01248
1325,310.46045,305.067
1326,308.22736,305.0986
1327,310.33908,305.151
1328,305.76648,305.15717
1329,309.76706,305.20325
1330,308.318,305.2344
1331,308.79785,305.27005
1332,307.93634,305.29672
1333,307.60693,305.31982
1334,309.67627,305.3634
1335,311.7652,305.42743
1336,309.15366,305.4647
1337,308.7173,305.4972
1338,309.68115,305.53903
1339,311.10834,305.59473
1340,309.41452,305.63293
1341,310.6601,305.6832
1342,310.5809,305.73218
1343,309.46207,305.7695
1344,308.87106,305.80054
1345,310.1933,305.84445
1346,311.21497,305.89816
1347,313.0295,305.96948
1348,309.7475,306.00726
1349,310.61285,306.05334
1350,311.32275,306.10605
1351,311.0192,306.15518
1352,310.04855,306.19412
1353,310.48013,306.23697
1354,311.9849,306.29443
1355,305.56573,306.28717
1356,308.95493,306.31384
1357,309.167,306.34238
1358,312.21268,306.4011
1359,310.07468,306.43784
1360,309.96912,306.47318
1361,310.79633,306.51642
1362,313.73883,306.58865
1363,311.84665,306.64124
1364,310.09137,306.67575
1365,309.78522,306.70685
1366,308.25287,306.7223
1367,308.7634,306.7427
1368,307.39062,306.7492
1369,309.40845,306.77582
1370,310.9344,306.8174
1371,310.3813,306.85306
1372,310.02893,306.8848
1373,307.4863,306.8908
1374,310.92313,306.93112
1375,309.6627,306.95844
1376,310.41055,306.99295
1377,309.18628,307.0149
1378,308.52884,307.03003
1379,307.41345,307.03384
1380,308.63428,307.04984
1381,308.19147,307.06125
1382,310.07355,307.09137
1383,308.1771,307.1022
1384,309.01022,307.12128
1385,310.9181,307.15927
1386,307.95346,307.1672
1387,309.65497,307.1921
1388,310.5927,307.2261
1389,309.87842,307.25262
1390,308.2674,307.2628
1391,307.05865,307.26074
1392,309.4444,307.2826
1393,306.56012,307.2754
1394,305.33295,307.25598
1395,308.28387,307.26624
1396,311.1793,307.30536
1397,308.37668,307.31607
1398,306.8441,307.31137
1399,306.46786,307.30292
1400,310.431,307.3342
1401,308.5269,307.34613
1402,308.77054,307.36038
1403,311.4377,307.40115
1404,311.24316,307.43958
1405,307.62048,307.44138
1406,309.3968,307.46094
1407,307.61386,307.46246
1408,308.63425,307.47418
1409,306.62665,307.4657
1410,307.87006,307.46976
1411,308.72867,307.48233
1412,307.55502,307.48306
1413,308.5929,307.49417
1414,309.38193,307.51303
1415,310.26614,307.54056
1416,309.33282,307.55847
1417,309.20233,307.5749
1418,309.41898,307.59332
1419,309.63458,307.61374
1420,311.58627,307.65347
1421,309.31708,307.6701
1422,312.11612,307.71457
1423,309.83133,307.73575
1424,309.62936,307.75467
1425,310.1076,307.7782
1426,308.94424,307.78986
1427,303.6316,307.7483
1428,311.02637,307.78107
1429,307.25522,307.7758
1430,309.9083,307.79712
1431,308.94507,307.8086
1432,308.26666,307.81317
1433,307.75418,307.8126
1434,309.44254,307.8289
1435,308.81882,307.8388
1436,308.87875,307.84918
1437,311.11533,307.88184
1438,311.84683,307.92148
1439,310.81174,307.95038
1440,309.09137,307.9618
1441,307.41742,307.95636
1442,307.09943,307.94778
1443,309.3268,307.96158
1444,307.3493,307.95544
1445,311.1689,307.98758
1446,309.59076,308.00363
1447,308.18155,308.0054
1448,310.04825,308.02585
1449,307.40826,308.01968
1450,309.84854,308.03796
1451,310.08075,308.05838
1452,309.82687,308.07608
1453,308.51865,308.0805
1454,309.50925,308.0948
1455,312.14108,308.13525
1456,313.55655,308.18945
1457,312.87848,308.23636
1458,311.87543,308.27274
1459,314.0047,308.33005
1460,313.08664,308.37762
1461,309.4561,308.38843
1462,312.9738,308.43427
1463,311.21313,308.46204
1464,313.29428,308.51035
1465,310.25583,308.5278
1466,313.3483,308.57602
1467,311.2486,308.60275
1468,309.2581,308.6093
1469,311.61752,308.6394
1470,309.7436,308.65045
1471,312.12256,308.68518
1472,311.92514,308.7176
1473,313.0913,308.76135
1474,311.265,308.78638
1475,312.0079,308.8186
1476,310.75296,308.83795
1477,311.3039,308.8626
1478,308.02295,308.85422
1479,311.67697,308.88245
1480,309.37015,308.8873
1481,308.9818,308.88824
1482,312.21332,308.9215
1483,312.33694,308.9557
1484,44.550262,306.3116
1485,310.37387,306.35223
1486,309.40744,306.3828
1487,307.3206,306.3922
1488,310.58337,306.4341
1489,310.10382,306.47083
1490,309.95056,306.50565
1491,309.97723,306.54034
1492,309.35562,306.5685
1493,307.43777,306.5772
1494,308.1177,306.59262
1495,309.52213,306.62192
1496,308.78687,306.64355
1497,308.14963,306.6586
1498,309.9668,306.69168
1499,307.41208,306.69888
1500,313.1777,306.76367
1501,306.19598,306.758
1502,307.1622,306.76205
1503,309.86172,306.79303
1504,307.73248,306.80243
1505,310.48935,306.8393
1506,309.3995,306.8649
1507,311.21533,306.90842
1508,311.99942,306.95932
1509,310.88928,306.99863
1510,310.1913,307.03055
1511,308.57175,307.04596
1512,308.86182,307.06412
1513,310.69168,307.10037
1514,308.62296,307.1156
1515,307.25534,307.11697
1516,311.60123,307.1618
1517,310.764,307.1978
1518,309.5045,307.2209
1519,311.8165,307.26685
1520,312.04514,307.31464
1521,311.26862,307.3542
1522,316.07422,307.44138
1523,309.08627,307.45782
1524,308.45117,307.46774
1525,309.42642,307.48734
1526,312.782,307.54028
1527,309.16876,307.55655
1528,309.74777,307.57846
1529,309.39413,307.59662
1530,311.6714,307.63736
1531,309.84866,307.65945
1532,312.61813,307.70905
1533,310.0976,307.73294
1534,310.00266,307.75565
1535,309.5645,307.77374
1536,310.10016,307.79703
1537,308.72107,307.80627
1538,307.62985,307.8045
1539,307.8869,307.80533
1540,307.7224,307.80447
1541,308.0966,307.8074
1542,308.65472,307.8159
1543,311.37506,307.85147
1544,310.88492,307.8818
1545,308.83817,307.89136
1546,312.31674,307.9356
1547,308.61588,307.9424
1548,310.94955,307.9725
1549,308.3104,307.9759
1550,306.99988,307.96616
1551,308.80084,307.97452
1552,306.70493,307.96182
1553,305.72095,307.93942
1554,307.51053,307.93515
1555,309.47202,307.95053
1556,309.33438,307.9644
1557,309.16165,307.97635
1558,309.8788,307.99536
1559,310.41614,308.01956
1560,311.1784,308.05115
1561,312.10492,308.0917
1562,308.99103,308.1007
1563,308.77707,308.10748
1564,312.22592,308.14865
1565,-25.18544,304.8153
1566,-100.39665,300.76318
1567,-74.8335,297.00723
1568,-114.00935,292.89706
1569,-78.77711,289.18033
1570,-111.36887,285.17484
1571,-90.87652,281.41434
1572,-96.62866,277.6339
1573,-109.49425,273.76263
1574,-113.03054,269.8947
1575,-110.66639,266.0891
1576,-106.59546,262.36227
1577,-115.65408,258.5821
1578,-107.91667,254.91711
1579,-107.670456,251.29124
1580,-121.32579,247.56508
1581,-120.930824,243.88013
1582,-121.70534,240.22427
1583,-120.03132,236.62172
1584,-120.573044,233.04977
1585,-119.86124,229.52068
1586,-116.34907,226.06197
1587,-118.02054,222.62114
1588,-118.541595,219.20952
1589,-116.68506,215.85057
1590,-117.29663,212.51909
1591,-102.047195,209.37343
1592,-111.692245,206.16277
1593,-106.98167,203.03131
1594,-117.75569,199.82346
1595,-117.66362,196.64859
1596,-118.32536,193.49886
1597,-75.33502,190.81052
1598,-127.16179,187.6308
1599,-129.85931,184.45589
1600,-129.05782,181.32076
1601,-131.63123,178.19124
1602,-130.91615,175.10017
1603,-133.33655,172.01581
1604,-134.8125,168.94753
1605,-128.75163,165.97054
1606,-180.07758,162.51006
1607,-114.56788,159.73929
1608,-114.60521,156.99583
1609,-114.55236,154.28035
1610,-114.748215,151.59007
1611,-114.3618,148.93056
1612,-114.557236,146.29568
1613,-109.568665,143.73705
1614,-109.68382,141.20285
1615,-114.89356,138.64188
1616,-119.95674,136.0559
1617,-113.62341,133.5591
1618,-110.47036,131.1188
1619,-112.84115,128.6792
1620,-112.53198,126.26709
1621,-114.02521,123.86417
1622,-114.549805,121.48003
1623,-114.93263,119.115906
1624,-113.8735,116.78602
1625,-111.85014,114.49966
1626,-115.67381,112.19792
1627,-119.98221,109.87612
1628,-111.950806,107.65785
1629,-112.4594,105.45668
1630,-112.83056,103.27381
1631,-125.24704,100.9886
1632,-110.54635,98.87325
1633,-113.678154,96.74774
1634,-113.20829,94.648186
1635,-111.066734,92.59104
1636,-82.961655,90.83551
1637,-118.38599,88.74329
1638,219.37347,90.0496
1639,58.28308,89.73193
1640,268.00284,91.51465
1641,273.02438,93.32974
1642,275.8362,95.15481
1643,67.67798,94.88004
1644,-26.48346,93.66641
1645,107.63661,93.806114
1646,287.7148,95.74521
1647,83.92529,95.627014
1648,285.7528,97.528275
1649,133.74648,97.89046
1650,283.02917,99.741844
1651,268.46356,101.42906
1652,276.36224,103.17839
1653,293.47128,105.08132
1654,294.06595,106.97117
1655,292.29562,108.82442
1656,299.417,110.73035
1657,298.41672,112.607216
1658,301.45816,114.49573
1659,295.32678,116.30404
1660,296.95203,118.11052
1661,303.0667,119.96008
1662,300.3543,121.76402
1663,297.4526,123.52091
1664,303.8862,125.32457
1665,305.25214,127.12385
1666,306.37726,128.91638
1667,306.78198,130.69504
1668,303.83026,132.42639
1669,309.4143,134.19627
1670,306.47705,135.91908
1671,306.5406,137.62529
1672,303.7766,139.2868
1673,311.06738,141.00461
1674,311.04788,142.70503
1675,307.00302,144.34802
1676,307.9516,145.98405
1677,310.27194,147.62694
1678,311.36624,149.26433
1679,306.80057,150.83969
1680,310.232,152.43362
1681,308.92957,153.99858
1682,307.80762,155.53668
1683,310.5487,157.0868
1684,311.86493,158.6346
1685,307.16788,160.11993
1686,314.70575,161.6658
1687,311.0725,163.15987
1688,310.99942,164.63828
1689,313.05975,166.1225
1690,312.0404,167.58168
1691,312.86047,169.03447
1692,310.48776,170.449
1693,311.46594,171.85918
1694,312.22342,173.26282
1695,310.9184,174.63937
1696,310.457,175.99754
1697,313.07318,177.3683
1698,312.3466,178.71808
1699,311.27155,180.04361
1700,312.9036,181.37222
1701,313.3861,182.69237
1702,312.0491,183.98593
1703,312.54697,185.27155
1704,309.53207,186.51416
1705,310.6947,187.75597
1706,313.2827,189.01123
1707,313.0748,190.25188
1708,312.626,191.47563
1709,310.2832,192.66371
1710,311.96362,193.8567
1711,309.2124,195.01025
1712,311.16235,196.17177
1713,310.8772,197.31882
1714,310.65106,198.45213
1715,312.56964,199.59332
1716,311.77786,200.71518
1717,313.61066,201.84413
1718,311.636,202.94206
1719,315.8637,204.07127
1720,316.5287,205.19585
1721,312.25937,206.26648
1722,311.69205,207.32074
1723,311.94598,208.36699
1724,315.06668,209.43399
1725,313.8185,210.47783
1726,314.66293,211.51968
1727,311.42038,212.51869
1728,310.7194,213.5007
1729,310.47873,214.47047
1730,313.69055,215.46268
1731,310.70117,216.41507
1732,312.50064,217.37592
1733,314.60718,218.34824
1734,311.69003,219.28165
1735,310.96774,220.19852
1736,309.72922,221.09383
1737,311.90527,222.00194
1738,312.8024,222.90994
1739,313.34677,223.81432
1740,310.19168,224.67809
1741,306.2336,225.49364
1742,312.13846,226.36009
1743,307.5771,227.17227
1744,308.9371,227.98993
1745,310.24557,228.8125
1746,308.83282,229.61272
1747,309.87497,230.41534
1748,312.89838,231.24017
1749,313.95685,232.06735
1750,314.057,232.88724
1751,313.21536,233.69052
1752,311.98923,234.47351
1753,315.65863,235.28537
1754,318.15427,236.11407
1755,315.47903,236.90771
1756,312.27335,237.66136
1757,314.07584,238.4255
1758,315.01486,239.1914
1759,316.1692,239.9612
1760,313.3246,240.69482
1761,316.58765,241.45375
1762,315.84695,242.19768
1763,315.17917,242.92749
1764,316.5455,243.66367
1765,310.34402,244.33047
1766,314.29803,245.03015
1767,314.05136,245.72037
1768,314.23175,246.40549
1769,312.10535,247.06248
1770,314.87506,247.74062
1771,312.88254,248.39204
1772,316.79333,249.07607
1773,314.78522,249.73317
1774,315.7035,250.39287
1775,316.2764,251.05171
1776,318.18393,251.72304
1777,316.72354,252.37305
1778,313.2812,252.98213
1779,314.01105,253.59242
1780,311.79382,254.17444
1781,312.127,254.75397
1782,317.25888,255.37903
1783,310.84323,255.93367
1784,316.4562,256.53888
1785,316.1688,257.1352
1786,317.5687,257.73953
1787,314.1787,258.30392
1788,311.3344,258.83423
1789,315.39853,259.39987
1790,315.64474,259.9623
1791,315.14758,260.5142
1792,312.67706,261.03583
1793,314.5265,261.57074
1794,316.15878,262.11664
1795,314.3625,262.6391
1796,314.27194,263.15546
1797,319.08514,263.71475
1798,317.08395,264.24844
1799,163.12177,263.23718
1800,314.11002,263.74594
1801,315.9955,264.26843
1802,312.49594,264.75073
1803,311.4331,265.21756
1804,314.2263,265.70767
1805,313.6043,266.18665
1806,313.09048,266.65567
1807,316.2654,267.15176
1808,313.6301,267.61655
1809,315.3972,268.09433
1810,315.471,268.5681
1811,317.48428,269.05728
1812,312.1178,269.48788
1813,313.56277,269.92862
1814,316.31888,270.39252
1815,312.6766,270.81537
1816,314.5973,271.25317
1817,312.12616,271.66193
1818,315.0924,272.09622
1819,316.94336,272.5447
1820,315.7124,272.9764
1821,315.00586,273.3967
1822,313.89954,273.80173
1823,312.5633,274.18936
1824,315.55475,274.60303
1825,314.25726,274.99957
1826,311.63702,275.36594
1827,315.62085,275.7685
1828,313.62436,276.14703
1829,313.47403,276.5203
1830,312.28152,276.8779
1831,313.53375,277.24448
1832,311.2997,277.58505
1833,309.8608,277.9078
1834,314.44702,278.2732
1835,316.5769,278.65625
1836,314.77377,279.01743
1837,315.19086,279.37918
1838,314.64804,279.73187
1839,313.16522,280.06622
1840,313.20505,280.3976
1841,311.229,280.70593
1842,313.93512,281.0382
1843,314.45908,281.3724
1844,314.8705,281.7074
1845,315.58063,282.0461
1846,315.32867,282.37894
1847,313.09482,282.6861
1848,312.38638,282.98312
1849,311.6567,283.26987
1850,315.87662,283.59592
1851,314.44553,283.90442
1852,313.24908,284.19785
1853,314.59766,284.50183
1854,312.1916,284.77875
1855,314.35956,285.07455
1856,315.9031,285.38284
1857,316.42737,285.6933
1858,314.8551,285.98492
1859,314.5503,286.2706
1860,316.1746,286.56964
1861,316.0076,286.864
1862,314.8987,287.14435
1863,313.87897,287.4117
1864,316.25827,287.7002
1865,315.271,287.9759
1866,315.55643,288.2517
1867,314.28003,288.512
1868,317.43393,288.8012
1869,313.6365,289.04956
1870,312.22278,289.28128
1871,314.57138,289.53418
1872,316.90677,289.80792
1873,315.16797,290.06152
1874,314.561,290.30652
1875,316.11697,290.5646
1876,316.3158,290.8221
1877,313.3864,291.04776
1878,315.8621,291.29593
1879,315.24774,291.53543
1880,313.92572,291.75934
1881,315.6818,291.99857
1882,313.63437,292.21494
1883,314.92798,292.44208
1884,317.13275,292.689
1885,315.09595,292.9131
1886,315.41922,293.13815
1887,314.09146,293.3477
1888,313.97006,293.55392
1889,314.91714,293.76755
1890,314.5139,293.975
1891,317.56583,294.2109
1892,315.2874,294.42166
1893,317.17792,294.64923
1894,315.289,294.85562
1895,314.05768,295.04764
1896,317.2127,295.2693
1897,317.7601,295.4942
1898,316.75446,295.70682
1899,316.24002,295.91217
1900,316.62155,296.1193
1901,317.71732,296.3353
1902,318.3708,296.55566
1903,314.21854,296.7323
1904,316.1924,296.9269
1905,315.1812,297.10947
1906,314.9871,297.28824
1907,316.12488,297.47662
1908,315.5932,297.6578
1909,312.6629,297.80786
1910,314.49728,297.97473
1911,316.33313,298.15833
1912,316.95343,298.34628
1913,313.72476,298.50006
1914,315.68613,298.67194
1915,313.91357,298.82434
1916,312.12894,298.95737
1917,316.23172,299.13013
1918,316.8029,299.30685
1919,317.68466,299.49063
1920,316.20535,299.65778
1921,315.58426,299.81705
1922,316.09186,299.9798
1923,317.45776,300.1546
1924,316.34644,300.3165
1925,317.3745,300.48706
1926,315.28958,300.63507
1927,316.1241,300.78998
1928,314.88828,300.93097
1929,315.75766,301.07922
1930,313.47458,301.20316
1931,315.77063,301.34885
1932,314.2171,301.47754
1933,312.50702,301.58783
1934,314.74084,301.71936
1935,315.29532,301.85513
1936,315.77814,301.99435
1937,316.93405,302.14377
1938,313.8977,302.26132
1939,312.2134,302.36084
1940,316.27582,302.49997
1941,316.03445,302.6353
1942,315.575,302.76474
1943,314.6005,302.8831
1944,317.75092,303.03177
1945,318.34097,303.18488
1946,316.7532,303.32056
1947,316.3927,303.4513
1948,316.33936,303.58017
1949,-79.678825,299.7476
1950,319.10767,299.9412
1951,318.51144,300.1269
1952,318.09586,300.3066
1953,316.4764,300.46832
1954,316.78726,300.63153
1955,314.1594,300.7668
1956,317.7559,300.9367
1957,312.7808,301.05515
1958,317.4452,301.21902
1959,318.05096,301.38736
1960,316.39148,301.53738
1961,316.30582,301.68506
1962,316.32327,301.83145
1963,317.66,301.98975
1964,317.79776,302.14783
1965,313.5486,302.26184
1966,313.95786,302.3788
1967,315.06833,302.50574
1968,312.96573,302.61035
1969,311.14624,302.6957
1970,315.0897,302.81967
1971,316.43634,302.95584
1972,313.91714,303.06546
1973,315.54465,303.19028
1974,317.7652,303.33603
1975,317.71487,303.47983
1976,318.94165,303.63446
1977,315.8008,303.75613
1978,317.331,303.89188
1979,320.28665,304.05585
1980,317.68903,304.19217
1981,315.64813,304.30673
1982,318.3112,304.44678
1983,318.56595,304.58798
1984,316.36584,304.70578
1985,315.64597,304.8152
1986,315.4783,304.9218
1987,317.10706,305.04367
1988,312.82086,305.12143
1989,317.34323,305.24365
1990,315.09512,305.34216
1991,316.77448,305.4565
1992,319.14447,305.59338
1993,318.67526,305.7242
1994,316.57013,305.83267
1995,318.95517,305.9639
1996,317.62122,306.08047
1997,315.87112,306.1784
1998,317.21512,306.2888
1999,319.25375,306.41843
2000,319.62247,306.55048
2001,316.31973,306.6482
2002,317.87015,317.87015
2003,316.23575,317.8538
2004,317.11057,317.84637
2005,319.62177,317.86414
2006,315.0122,317.8356
2007,318.14774,317.83875
2008,317.8831,317.8392
2009,-12.67312,-12.67312
1,-111.788956,-111.788956
2,-108.24652,-111.75353
3,-118.259,-111.81859
1,-18.914228,-18.914228
2,-53.811916,-19.263205
3,-43.107002,-19.501642
4,-105.20253,-20.35865
1,-128.88753,-128.88753
2,-117.95451,-128.7782
3,-119.43353,-128.68475
4,-117.49591,-128.57286
5,-113.95691,-128.4267
1,-119.2522,-119.2522
2,-121.76338,-119.27731
3,-31.909807,-118.40364
4,-39.331356,-117.612915
5,-19.716152,-116.63395
6,-35.364296,-115.82126
7,312.97925,-111.53326
8,314.80313,-107.26989
9,313.2655,-103.06454
10,320.6129,-98.82776
11,321.24026,-94.62708
12,323.16623,-90.44916
13,322.92865,-86.315384
14,317.35938,-82.27864
15,325.69357,-78.19892
16,319.77243,-74.21921
17,316.28757,-70.31414
18,324.94736,-66.36153
19,323.94528,-62.45846
20,324.6529,-58.58735
21,320.87326,-54.792744
22,320.54178,-51.0394
23,318.79636,-47.34104
24,321.69388,-43.650692
25,111.67625,-42.09742
26,325.5193,-38.421253
27,-21.767609,-38.254715
28,-141.15414,-39.28371
29,-140.08052,-40.29168
30,-178.02898,-41.669052
31,-138.56082,-42.63797
32,-87.37446,-43.085335
33,-86.50467,-43.519527
34,-139.6355,-44.480686
35,-77.07412,-44.80662
36,-75.98534,-45.11841
37,-93.6873,-45.6041
38,-96.57553,-46.113815
39,-92.693085,-46.57961
40,-130.10162,-47.41483
41,-94.74742,-47.888157
42,-111.738434,-48.52666
43,-132.62234,-49.367615
44,-79.70773,-49.671017
45,-131.94449,-50.493755
46,-88.37977,-50.872616
47,-133.34319,-51.697323
48,-122.651,-52.40686
49,-133.85706,-53.221363
50,-123.744354,-53.926594
51,-126.90411,-54.656372
52,-132.93503,-55.43916
53,-24.11209,-55.12589
54,-65.54921,-55.23012
55,-89.4536,-55.572357
56,-95.67877,-55.973423
57,-99.21925,-56.40588
58,251.97203,-53.3221
59,288.5628,-49.90325
60,-32.00685,-49.72429
61,288.50842,-46.341965
62,238.89745,-43.48957
63,293.906,-40.115616
64,299.1907,-36.722553
65,307.00592,-33.285267
66,284.74542,-30.104961
67,311.0079,-26.693832
68,305.76126,-23.369282
69,305.56284,-20.079962
70,305.28616,-16.8263
71,312.29135,-13.535124
72,312.5234,-10.274539
73,318.76663,-6.984128
74,-63.973038,-7.554017
75,313.422,-4.3442574
76,304.53094,-1.2555053
77,-94.630035,-2.1892507
78,313.82562,0.9708979
79,302.06442,3.9818332
80,-98.258896,2.959426
81,-91.06977,2.019134
82,-79.35748,1.2053679
83,-108.74026,0.10591173
84,-64.17926,-0.53694
85,-55.400154,-1.0855721
86,-77.6232,-1.8509485
87,-90.544136,-2.7378802
88,-80.76547,-3.518156
89,-21.455803,-3.6975327
90,-92.72304,-4.5877876
91,-49.533657,-5.037246
92,-88.62545,-5.873128
93,-54.651455,-6.3609114
94,-47.68188,-6.7741213
95,296.92166,-3.7371638
96,307.38828,-0.62590957
97,304.83136,2.4286633
98,304.1992,5.446368
99,301.61465,8.408051
100,306.76343,11.391603
101,292.86276,14.206314
102,307.63483,17.140598
103,307.8701,20.047894
104,308.7475,22.934889
105,307.45743,25.780113
106,310.40833,28.626396
107,308.10693,31.421202
108,311.4285,34.221275
109,311.65292,36.99559
110,312.74484,39.753082
111,311.92126,42.474766
112,314.89963,45.199013
113,315.64926,47.90352
114,317.62357,50.60072
115,312.6385,53.221096
116,312.76456,55.81653
117,312.23627,58.380726
118,311.66028,60.913525
119,-122.915535,59.075233
120,313.66367,61.621117
121,-66.91793,60.335728
122,299.83566,62.73073
123,-99.98027,61.10362
124,-134.8631,59.14395
125,-103.00648,57.52245
126,132.29901,58.270214
127,-86.976036,56.817753
128,108.45951,57.33417
129,180.56564,58.566486
130,80.10156,58.781837
131,142.55536,59.61957
132,-60.357998,58.419796
133,292.5681,60.76128
134,293.36026,63.08727
135,-86.04166,61.59598
136,316.7078,64.1471
137,314.34814,66.64911
138,-159.14572,64.39117
139,-109.228836,62.65497
140,-131.8472,60.709946
141,101.99529,61.122803
142,-120.30193,59.308556
143,-132.78392,57.38763
144,-132.20679,55.491688
145,-114.38932,53.792877
146,-129.5614,51.959335
147,-135.01488,50.089596
148,-125.523285,48.333466
149,-127.940186,46.570732
150,-127.738815,44.827637
151,-119.59036,43.183456
152,-122.49614,41.52666
153,-125.11389,39.860252
154,-122.81708,38.23348
155,-123.95452,36.6116
156,-124.2459,35.003025
157,-124.1891,33.411106
158,-122.162994,31.855366
159,-120.41774,30.332634
160,-120.63258,28.822983
161,-123.98492,27.294905
162,-121.482285,25.807133
163,-123.18544,24.317207
164,-118.50184,22.889017
165,-116.24135,21.497715
166,-123.870735,20.044031
167,-123.24854,18.611107
168,-123.27843,17.192211
169,-116.77069,15.852582
170,-122.381325,14.470243
171,-121.11278,13.114414
172,-121.01468,11.773124
173,-122.20772,10.433315
174,-118.28164,9.146166
175,-114.450005,7.910205
176,-116.666145,6.6644416
177,-116.023544,5.437562
178,-114.38863,4.2393
179,-114.86537,3.0482533
180,-116.60672,1.8517036
181,-114.8852,0.68433464
182,-116.180145,-0.48431015
183,-116.27022,-1.6421692
184,-115.69575,-2.782705
185,-111.86253,-3.8735032
186,-116.33592,-4.9981275
187,-115.32613,-6.1014075
188,-117.90497,-7.219443
189,-115.69735,-8.304222
190,-115.10046,-9.372185
191,-116.1005,-10.439468
192,-114.104095,-11.476114
193,-115.943375,-12.520786
194,-126.50085,-13.660587
195,-125.2527,-14.776508
196,-121.70244,-15.845768
197,-122.69965,-16.914307
198,-116.941376,-17.914577
199,-121.594345,-18.951376
200,-121.40867,-19.975948
201,-115.53872,-20.931578
202,-124.08893,-21.96315
203,-118.05894,-22.924109
204,-118.07994,-23.875668
205,-139.05948,-25.027506
206,-117.111305,-25.948345
207,-116.118,-26.850042
208,-112.69438,-27.708487
209,-117.12481,-28.60265
210,-114.6209,-29.462833
211,-124.64178,-30.414623
212,-89.11954,-31.001673
213,-121.774,-31.909395
214,-82.85688,-32.41887
215,298.8213,-29.106468
216,-37.172844,-29.187132
217,311.40366,-25.781225
218,-89.4052,-26.417465
219,311.11966,-23.042095
220,306.6136,-19.745539
221,308.76233,-16.46046
222,303.23688,-13.263488
223,312.80176,-10.002835
224,312.39185,-6.7788887
225,312.64282,-3.584672
226,294.09143,-0.6079111
227,311.52533,2.513421
228,9.856688,2.5868537
229,-24.005505,2.3209302
230,271.79425,5.015663
231,-13.855431,4.8269525
232,53.38179,5.312501
233,167.47891,6.934165
234,293.86722,9.803495
235,283.88797,12.54434
236,294.72086,15.366105
237,311.23184,18.324762
238,311.45798,21.256096
239,312.32086,24.166744
240,311.13138,27.036392
241,313.40866,29.900116
242,313.007,32.731186
243,308.25797,35.486454
244,321.0453,38.34204
245,305.60794,41.0147
246,314.7176,43.75173
247,315.42142,46.46843
248,316.37656,49.16751
249,315.47598,51.830593
250,316.4202,54.47649
251,312.44995,57.056225
252,314.4871,59.630535
253,314.93912,62.18362
254,306.0432,64.622215
255,312.76462,67.10364
256,313.7134,69.56973
257,315.72125,72.03125
258,317.56348,74.48657
259,319.1717,76.933426
260,319.34784,79.357574
261,316.56873,81.72969
262,319.5235,84.10763
263,314.29907,86.409546
264,317.8374,88.72382
265,320.654,91.04313
266,-36.72071,89.76549
267,321.9557,92.087395
268,321.70236,94.383545
269,321.37173,96.65343
270,320.08658,98.887764
271,317.05682,101.06946
272,320.26974,103.26146
273,319.99966,105.42884
274,320.7407,107.581955
275,320.47275,109.71086
276,319.10202,111.80477
277,319.9356,113.88608
278,322.54724,115.97269
279,319.92844,118.012245
280,320.40845,120.03621
281,320.0936,122.03678
282,318.994,124.006355
283,-78.34714,121.98283
284,320.9477,123.97248
285,320.88812,125.941635
286,321.70877,127.89931
287,320.9016,129.82933
288,322.15448,131.75258
289,319.72385,133.6323
290,317.17914,135.46777
291,317.90607,137.29216
292,316.29092,139.08214
293,317.43973,140.8657
294,323.7796,142.69484
295,317.62057,144.4441
296,319.2802,146.19246
297,315.99945,147.89052
298,3.436966,146.44598
299,321.58838,148.1974
300,318.46762,149.9001
301,319.52704,151.59637
302,323.67108,153.31712
303,318.5159,154.96912
304,315.51813,156.57462
305,317.15976,158.18047
306,316.79483,159.76662
307,321.29156,161.38187
308,320.80164,162.97607
309,319.92038,164.54552
310,321.08246,166.1109
311,317.00836,167.61989
312,322.44855,169.16818
313,318.04425,170.65694
314,318.64246,172.1368
315,320.09198,173.61635
316,318.61203,175.06631
317,319.4716,176.51038
318,319.36545,177.93892
319,319.04416,179.34998
320,319.07935,180.74727
321,319.52997,182.1351
322,320.58905,183.51964
323,319.02194,184.87466
324,320.18448,186.22777
325,318.1366,187.54686
326,319.84552,188.86984
327,318.9405,190.17055
328,320.66806,191.47552
329,319.27377,192.75351
330,315.124,193.97722
331,319.3169,195.23062
332,321.51553,196.49347
333,318.84943,197.71703
334,317.47757,198.91463
335,318.6184,200.11166
336,318.07343,201.29129
337,318.5367,202.46375
338,319.85376,203.63763
339,319.94177,204.80067
340,317.586,205.92853
341,316.0468,207.02971
342,318.7976,208.14738
343,320.4868,209.27078
344,320.5117,210.3832
345,320.85446,211.4879
346,319.33536,212.56638
347,316.88214,213.60954
348,319.4682,214.66814
349,318.40305,215.70549
350,318.44623,216.7329
351,320.10852,217.76665
352,317.3415,218.7624
353,318.917,219.76395
354,322.03214,220.78664
355,316.3341,221.74211
356,319.13138,222.716
357,318.99103,223.67876
358,320.03433,224.64232
359,316.46933,225.5606
360,319.72852,226.50227
361,319.40604,227.43132
362,319.14508,228.34846
363,320.9153,229.27414
364,322.2753,230.20415
365,318.23593,231.08447
366,319.2886,231.96652
367,319.64072,232.84328
368,317.02524,233.6851
369,316.9127,234.51738
370,317.51016,235.3473
371,317.49112,236.16875
372,320.77237,237.01479
373,321.93875,237.86403
374,315.2449,238.63785
375,319.45258,239.44598
376,319.16003,240.24313
377,320.84213,241.04912
378,318.1021,241.81964
379,320.09497,242.60239
380,319.46237,243.37099
381,318.47385,244.12202
382,318.36154,244.86441
383,319.4224,245.61
384,318.4945,246.33885
385,319.92065,247.07468
386,316.48477,247.76877
387,319.33606,248.48444
388,320.26102,249.2022
389,320.32248,249.9134
390,321.4897,250.62917
391,318.2968,251.30585
392,318.69525,251.97974
393,319.6622,252.65657
394,316.79532,253.29796
395,320.09174,253.9659
396,322.29916,254.64923
397,319.69382,255.29968
398,317.54163,255.9221
399,318.39023,256.54678
400,319.8989,257.1803
401,320.56702,257.81415
402,317.5141,258.41116
403,320.29303,259.03
404,319.5107,259.6348
405,321.28906,260.25134
406,321.04337,260.85925
407,320.19067,261.45258
408,318.20773,262.0201
409,321.2931,262.61282
410,321.19888,263.19867
411,320.61774,263.77286
412,318.99237,264.32504
413,320.41373,264.88593
414,320.82822,265.44534
415,-132.48083,261.4661
416,318.15762,262.03302
417,-90.13219,258.51135
418,314.08752,259.0671
419,312.78818,259.6043
420,311.52243,260.1235
421,316.46686,260.68695
422,311.21487,261.19223
423,63.032745,259.21066
424,312.32806,259.74185
425,312.22885,260.26672
426,314.621,260.81027
427,317.94263,261.3816
428,315.80255,261.9258
429,319.00507,262.4966
430,320.88953,263.08054
431,317.99722,263.6297
432,317.79175,264.17133
433,315.96844,264.6893
434,320.42996,265.2467
435,321.72925,265.81152
436,321.19778,266.3654
437,322.03625,266.9221
438,317.26425,267.4255
439,320.2163,267.9534
440,320.7339,268.4812
441,320.04114,268.9968
442,323.61133,269.54294
443,322.29385,270.07043
444,320.26288,270.57236
445,320.47467,271.07138
446,320.57193,271.56638
447,319.36993,272.0444
448,321.6692,272.54068
449,320.54816,273.02075
450,319.78702,273.48843
451,324.3779,273.9973
452,319.33676,274.4507
453,323.15967,274.9378
454,316.55075,275.3539
455,323.2836,275.83322
456,-40.182484,272.67307
457,323.28387,273.1792
458,321.69055,273.66434
459,321.6537,274.14423
460,321.53024,274.6181
461,321.21912,275.0841
462,319.06454,275.52393
463,133.81567,274.10684
464,322.67123,274.5925
465,322.70004,275.07358
466,320.905,275.5319
467,320.85086,275.98508
468,322.51556,276.45038
469,317.06378,276.8565
470,320.41635,277.2921
471,318.5398,277.7046
472,319.20102,278.11957
473,321.6427,278.5548
474,316.79578,278.93723
475,319.95227,279.34738
476,321.5732,279.76965
477,320.75406,280.1795
478,321.42706,280.59198
479,321.9703,281.00577
480,320.95755,281.40527
481,322.43262,281.81555
482,319.08508,282.18826
483,321.74707,282.58386
484,318.02277,282.93826
485,320.56628,283.31454
486,318.88654,283.6703
487,320.28918,284.03647
488,317.12885,284.3674
489,318.2972,284.70673
490,321.35025,285.07315
491,320.76218,285.43002
492,323.1021,285.80673
493,320.97797,286.15845
494,321.26428,286.50952
495,319.55032,286.83994
496,321.35275,287.18506
497,321.69882,287.53018
498,320.47195,287.8596
499,319.17993,288.1728
500,322.34863,288.51456
501,322.1393,288.85083
502,321.93042,289.1816
503,320.66235,289.49643
504,321.28207,289.8143
505,324.1222,290.15738
506,320.39783,290.45978
507,324.50732,290.80026
508,321.1215,291.1035
509,322.84595,291.4209
510,322.5212,291.7319
511,321.8914,292.03348
512,320.9118,292.32227
513,318.87946,292.58783
514,323.49765,292.89694
515,322.48,293.19278
516,320.74646,293.46832
517,323.06976,293.76434
518,322.5576,294.05228
519,317.73575,294.28912
520,319.46542,294.54086
521,318.7312,294.78278
522,323.01743,295.06512
523,318.30368,295.29752
524,323.06372,295.5752
525,320.21027,295.82153
526,320.60986,296.0694
527,320.7248,296.31595
528,321.51358,296.56793
529,320.949,296.81177
530,321.74417,297.0611
531,320.56158,297.2961
532,320.59747,297.5291
533,322.1009,297.77484
534,322.63748,298.02347
535,322.94012,298.27264
536,318.4514,298.47443
537,320.48715,298.69455
538,319.26324,298.90024
539,322.54062,299.13663
540,320.50006,299.35025
541,319.04105,299.54715
542,322.6874,299.77853
543,324.2552,300.02332
544,322.06244,300.24368
545,318.05832,300.4218
546,323.98984,300.6575
547,318.80728,300.83902
548,319.06787,301.0213
549,319.65903,301.20767
550,322.9258,301.42484
551,321.42227,301.62482
552,321.3595,301.82217
553,322.99298,302.03387
554,319.70108,302.21057
555,316.64993,302.35498
556,322.5679,302.5571
557,322.9583,302.7611
558,322.82364,302.96173
559,-35.05549,299.58157
560,67.980316,297.26556
561,320.96027,297.5025
562,320.15546,297.72903
563,320.35397,297.9553
564,322.0805,298.19653
565,322.80527,298.44263
566,323.21924,298.69037
567,324.89243,298.9524
568,323.1692,299.19455
569,322.922,299.43182
570,325.18497,299.68936
571,322.36697,299.91614
572,323.01346,300.14713
573,320.9794,300.35547
574,321.43555,300.56628
575,323.00052,300.79065
576,320.16806,300.98444
577,74.19945,298.7166
578,321.6256,298.9457
579,323.9546,299.1958
580,176.61148,297.96997
581,322.27606,298.213
582,322.75864,298.4585
583,315.76376,298.63153
584,320.14844,298.8467
585,324.9927,299.1082
586,319.70554,299.31415
587,320.1624,299.52264
588,320.7087,299.73453
589,321.88956,299.9561
590,319.3754,300.15027
591,318.53186,300.3341
592,319.94897,300.53027
593,321.96442,300.7446
594,322.1037,300.9582
595,322.1047,301.16965
596,319.59537,301.3539
597,321.69446,301.5573
598,322.9933,301.77167
599,323.04376,301.9844
600,322.47375,302.1893
601,321.93503,302.38678
602,321.06326,302.57355
603,322.00696,302.76788
604,322.06836,302.96088
605,321.00906,303.14136
606,320.58945,303.31586
607,318.32297,303.46594
608,319.64856,303.62775
609,323.52176,303.8267
610,322.6126,304.01456
611,320.09445,304.17538
612,320.44174,304.33804
613,323.61093,304.5308
614,322.14883,304.70697
615,324.21024,304.902
616,324.01636,305.09317
617,322.00552,305.2623
618,321.13995,305.42108
619,321.61517,305.58304
620,321.28262,305.74005
621,321.28378,305.89548
622,321.30176,306.04953
623,321.2384,306.20142
624,322.08774,306.3603
625,322.5357,306.52203
626,320.2886,306.6597
627,322.99078,306.82303
628,319.86487,306.95343
629,323.8303,307.12222
630,318.71127,307.2381
631,321.1271,307.37698
632,322.2771,307.526
633,322.79755,307.6787
634,316.7951,307.76987
635,318.8509,307.88068
636,322.1169,308.02304
637,320.04898,308.1433
638,319.67203,308.2586
639,321.49072,308.39093
640,319.98642,308.5069
641,320.61212,308.62796
642,320.9228,308.75092
643,318.93192,308.85275
644,320.17484,308.96597
645,322.7174,309.1035
646,320.30035,309.21545
647,322.64264,309.34973
648,320.64297,309.46265
649,319.2718,309.56073
650,315.5337,309.62045
651,316.0654,309.6849
652,320.15964,309.78967
653,321.7757,309.90952
654,320.20187,310.01245
655,323.11548,310.14346
656,317.42807,310.2163
657,323.07513,310.34488
658,321.77444,310.45917
659,317.75616,310.53214
660,319.3623,310.62045
661,322.91312,310.74338
662,321.0696,310.84665
663,323.21988,310.9704
664,322.2136,311.08282
665,321.99622,311.19196
666,325.03494,311.33038
667,322.34973,311.44058
668,323.02893,311.55646
669,321.73935,311.6583
670,323.13867,311.7731
671,321.04504,311.8658
672,317.4138,311.9213
673,320.0609,312.00272
674,318.5472,312.06818
675,319.15616,312.13907
676,317.20596,312.18973
677,321.5025,312.28287
678,321.4572,312.3746
679,321.37878,312.46463
680,319.93134,312.5393
681,325.20532,312.66595
682,321.92438,312.75854
683,321.4396,312.84534
684,321.09128,312.9278
685,320.78607,313.00638
686,322.23682,313.0987
687,320.77716,313.17548
688,319.57364,313.23947
689,321.02853,313.31738
690,318.5652,313.36984
691,318.16925,313.41785
692,319.51486,313.47882
693,320.908,313.5531
694,321.4641,313.6322
695,320.65106,313.7024
696,322.6252,313.79163
697,323.05844,313.8843
698,322.6093,313.97156
699,322.1842,314.05368
700,323.83105,314.15146
701,323.10428,314.241
702,321.31012,314.3117
703,322.03183,314.3889
704,323.69876,314.482
705,323.3737,314.57092
706,324.54486,314.67065
707,320.58228,314.72977
708,323.19858,314.81445
709,318.54184,314.85175
710,323.5583,314.9388
711,322.93753,315.0188
712,210.10916,313.96973
713,323.56183,314.06564
714,324.61032,314.17108
715,324.05365,314.26993
716,323.06848,314.3579
717,322.2394,314.4367
718,324.17337,314.53406
719,324.08182,314.62955
720,324.00235,314.72327
721,320.22073,314.77826
722,319.71533,314.82764
723,319.34384,314.8728
724,322.38995,314.948
725,319.3766,314.99228
726,323.70056,315.07935
727,-83.67735,311.0918
728,322.42746,311.20517
729,324.6681,311.33978
730,325.34302,311.4798
731,321.85678,311.58356
732,323.19687,311.69968
733,322.80905,311.81076
734,321.50864,311.90775
735,321.85858,312.00726
736,319.1923,312.07913
737,319.5382,312.15372
738,321.78094,312.25
739,322.73517,312.35486
740,321.68396,312.44815
741,324.53445,312.569
742,319.4838,312.63812
743,319.7524,312.70926
744,324.74408,312.82962
745,321.19962,312.91333
746,322.96353,313.01385
747,323.99686,313.1237
748,321.76904,313.21014
749,325.6503,313.33453
750,320.00214,313.4012
751,321.54352,313.48264
752,321.01862,313.55798
753,320.50833,313.62747
754,322.6999,313.7182
755,321.98737,313.8009
756,321.83374,313.88123
757,320.76904,313.9501
758,324.0365,314.05096
759,325.12784,314.16174
760,321.43518,314.2345
761,321.18295,314.304
762,320.23486,314.3633
763,319.51315,314.41483
764,321.44232,314.4851
765,323.30075,314.57327
766,323.7553,314.6651
767,322.70688,314.74554
768,321.18604,314.80994
769,320.62692,314.8681
770,322.34735,314.9429
771,317.3347,314.96683
772,326.17566,315.07892
773,322.15118,315.14966
774,324.69843,315.24515
775,320.58356,315.29855
776,321.97925,315.36536
777,323.08246,315.44254
778,322.7385,315.5155
779,318.98706,315.55023
780,321.2101,315.60684
781,323.6978,315.68774
782,325.20877,315.78296
783,323.18262,315.85693
784,324.10922,315.93945
785,322.0553,316.0006
786,320.6209,316.0468
787,322.52676,316.11163
788,320.31366,316.15366
789,320.08612,316.193
790,323.0053,316.2611
791,323.5052,316.33356
792,321.85327,316.38876
793,321.7625,316.4425
794,321.40277,316.4921
795,324.7552,316.57474
796,320.95004,316.6185
797,321.97388,316.67206
798,323.60004,316.74133
799,320.9519,316.78345
800,322.9514,316.84512
801,323.12387,316.9079
802,319.74002,316.93622
803,321.6817,316.98367
804,321.93408,317.03317
805,322.69687,317.0898
806,324.96005,317.16852
807,322.88074,317.22565
808,323.06503,317.28406
809,322.87274,317.33994
810,325.81168,317.42465
811,319.62283,317.44662
812,322.8278,317.50043
813,324.62692,317.57172
814,323.6121,317.6321
815,324.30762,317.69885
816,325.47876,317.77667
817,324.59506,317.84485
818,323.42657,317.90067
819,324.13995,317.96304
820,321.60233,317.99945
821,320.64377,318.0259
822,320.42526,318.0499
823,320.99414,318.07935
824,320.29425,318.1015
825,320.30963,318.1236
826,325.46066,318.19696
827,324.05542,318.25552
828,322.59747,318.29895
829,323.62018,318.35217
830,322.95667,318.3982
831,322.67334,318.44095
832,322.7821,318.48434
833,318.29117,318.48242
834,322.6146,318.52374
835,320.90515,318.54755
836,321.6591,318.57864
837,322.88174,318.62167
838,320.01273,318.6356
839,324.14236,318.69067
840,317.5909,318.6797
841,314.1146,318.63403
842,313.92963,318.58698
843,315.99747,318.5611
844,-89.145805,314.48404
845,-98.01207,310.35907
846,-112.43432,306.13116
847,310.67578,306.1766
848,-104.87829,302.06604
849,-102.160225,298.02377
850,-95.28731,294.09067
851,320.05185,294.35028
852,314.88385,294.5556
853,319.90057,294.80905
854,314.7318,295.00827
855,-99.936615,291.05884
856,-97.45557,287.1737
857,-98.14197,283.32056
858,-98.73441,279.50003
859,-103.34455,275.6716
860,-105.21174,271.86276
861,-115.15495,267.99258
862,-104.36063,264.26904
863,-100.49829,260.62137
864,-94.59968,257.06918
865,-116.68658,253.33162
866,307.89307,253.87724
867,299.1045,254.32951
868,306.6766,254.853
869,-99.232704,251.31215
870,311.03845,251.90941
871,310.87952,252.49911
872,317.86966,253.15282
873,317.84705,253.79976
874,321.2011,254.47377
875,320.3598,255.13263
876,321.87573,255.80005
877,322.0941,256.46298
878,320.6026,257.1044
879,320.66998,257.74005
880,321.86078,258.38126
881,320.58722,259.00333
882,320.64908,259.61978
883,322.263,260.24622
884,319.99893,260.84375
885,323.079,261.46613
886,319.63614,262.04782
887,322.91547,262.6565
888,322.502,263.25494
889,322.7807,263.85022
890,318.4867,264.3966
891,320.10284,264.95367
892,319.59485,265.5001
893,322.4108,266.0692
894,319.852,266.60706
895,321.57663,267.15674
896,324.85065,267.73367
897,319.71762,268.2535
898,321.66156,268.7876
899,323.66168,269.33633
900,325.0471,269.89343
901,322.96066,270.4241
902,324.37607,270.96365
903,319.07135,271.44473
904,321.95215,271.9498
905,320.2126,272.43243
906,321.57422,272.92383
907,322.30582,273.41763
908,322.3868,273.90735
909,322.41843,274.39246
910,324.16064,274.89014
911,323.51358,275.37637
912,321.47696,275.8374
913,322.76303,276.30667
914,319.51093,276.7387
915,319.08707,277.16217
916,318.7944,277.57852
917,323.27084,278.03543
918,320.3343,278.4584
919,325.07883,278.92462
920,325.48108,279.3902
921,323.48163,279.83112
922,319.9222,280.23203
923,322.47516,280.65448
924,319.5062,281.043
925,320.26974,281.43527
926,323.61487,281.85706
927,321.49084,282.2534
928,324.66272,282.67746
929,323.35486,283.08423
930,323.407,283.48746
931,322.96332,283.88223
932,323.23007,284.27573
933,325.2196,284.68518
934,318.51407,285.02347
935,323.53293,285.40857
936,322.5204,285.77966
937,320.47623,286.12665
938,324.13583,286.50674
939,321.7493,286.8592
940,321.1127,287.20172
941,321.00415,287.53976
942,322.1667,287.88605
943,319.0008,288.1972
944,322.12946,288.53653
945,322.26816,288.87384
946,323.92886,289.2244
947,323.6081,289.56824
948,325.30286,289.92557
949,322.5535,290.25183
950,320.98782,290.55917
951,322.1188,290.8748
952,324.2042,291.20807
953,324.09155,291.5369
954,325.68338,291.87836
955,321.22308,292.17178
956,323.5685,292.48575
957,325.58475,292.81674
958,322.5996,293.11456
959,325.93076,293.44272
960,320.59393,293.71423
961,322.54202,294.00253
962,319.3251,294.25574
963,321.1874,294.52505
964,324.3975,294.8238
965,320.0969,295.0765
966,321.11844,295.3369
967,322.4477,295.60803
968,324.64178,295.89838
969,319.89734,296.13837
970,323.68524,296.41382
971,324.40833,296.69376
972,322.2255,296.94907
973,324.6686,297.22626
974,325.68326,297.51083
975,324.27548,297.7785
976,323.42566,298.03497
977,320.69574,298.2616
978,325.59235,298.5349
979,323.7016,298.7866
980,322.67245,299.02545
981,324.67404,299.28192
982,322.2239,299.51132
983,325.13693,299.76758
984,320.92862,299.9792
985,323.7611,300.217
986,324.00473,300.4549
987,323.13718,300.68173
988,319.43713,300.8693
989,323.35468,301.09415
990,317.73404,301.26056
991,320.33014,301.45126
992,320.61923,301.64297
993,321.97687,301.8463
994,326.05347,302.08838
995,323.31418,302.30066
996,323.74115,302.51508
997,320.1428,302.69135
998,323.99643,302.9044
999,325.67166,303.13205
1000,324.28226,303.34357
1001,319.84067,303.5085
1002,328.11365,303.75455
1003,325.27002,303.9697
1004,324.2376,304.17236
1005,321.22302,304.34286
1006,322.88605,304.5283
1007,323.22244,304.71524
1008,324.7189,304.91528
1009,323.7658,305.1038
1010,324.44174,305.29718
1011,324.82077,305.4924
1012,324.20642,305.67953
1013,324.01205,305.86285
1014,325.82538,306.06247
1015,314.17218,306.1436
1016,318.13718,306.26352
1017,320.7874,306.40878
1018,320.93256,306.55402
1019,312.71085,306.61557
1020,323.03033,306.77972
1021,319.7103,306.90906
1022,320.2131,307.04208
1023,323.3508,307.2052
1024,321.6959,307.3501
1025,322.95865,307.5062
1026,322.1724,307.65283
1027,323.07916,307.8071
1028,321.4345,307.9434
1029,323.8168,308.1021
1030,325.04968,308.27158
1031,321.68985,308.40576
1032,323.602,308.55774
1033,325.88242,308.731
1034,323.4831,308.8785
1035,322.98972,309.01962
1036,325.2723,309.18216
1037,324.34344,309.33377
1038,326.8106,309.50854
1039,320.9085,309.62253
1040,323.79944,309.7643
1041,324.97162,309.9164
1042,327.05466,310.0878
1043,325.49036,310.24185
1044,324.20206,310.38147
1045,321.16122,310.48926
1046,323.06992,310.61508
1047,324.15146,310.75046
1048,322.00012,310.86295
1049,323.81876,310.99252
1050,318.79907,311.0706
1051,318.79556,311.14783
1052,319.60156,311.23236
1053,321.692,311.33694
1054,322.67667,311.45035
1055,323.90717,311.57492
1056,325.27634,311.71194
1057,324.08356,311.83566
1058,322.3062,311.94037
1059,324.07425,312.0617
1060,324.56885,312.1868
1061,323.4729,312.29968
1062,323.5291,312.412
1063,318.33572,312.47122
1064,320.37625,312.5503
1065,319.762,312.62244
1066,322.09216,312.71713
1067,322.88647,312.81882
1068,321.462,312.90527
1069,316.2179,312.9384
1070,321.38965,313.0229
1071,317.2641,313.0653
1072,312.45322,313.0592
1073,321.2524,313.14114
1074,319.1876,313.2016
1075,320.7156,313.27673
1076,-106.554,309.07843
1077,323.46106,309.22226
1078,324.76846,309.37772
1079,325.4815,309.53876
1080,323.8605,309.68198
1081,322.40778,309.80927
1082,324.1106,309.9523
1083,324.34164,310.0962
1084,325.79092,310.25314
1085,327.60504,310.42667
1086,322.79697,310.55035
1087,326.1241,310.7061
1088,322.34933,310.8225
1089,321.92947,310.9336
1090,326.1285,311.08554
1091,325.0449,311.22516
1092,321.91843,311.3321
1093,324.55783,311.46436
1094,327.6441,311.62613
1095,323.19098,311.74176
1096,327.54208,311.89978
1097,322.256,312.00336
1098,323.45108,312.11783
1099,321.34204,312.21005
1100,323.75134,312.32547
1101,325.73163,312.45953
1102,325.50128,312.58994
1103,327.61163,312.74017
1104,325.01816,312.86295
1105,323.01447,312.96445
1106,323.34613,313.06827
1107,325.51556,313.19275
1108,321.0047,313.27087
1109,325.36734,313.3918
1110,324.7764,313.50568
1111,321.0916,313.58154
1112,324.2223,313.68796
1113,325.21957,313.80328
1114,324.10056,313.90625
1115,325.3915,314.0211
1116,326.69403,314.14783
1117,325.23883,314.25873
1118,324.89618,314.3651
1119,326.84702,314.48993
1120,323.80243,314.58307
1121,321.61038,314.65335
1122,324.9048,314.75586
1123,325.61514,314.86447
1124,324.7129,314.96295
1125,324.68246,315.06015
1126,324.12292,315.1508
1127,323.48373,315.2341
1128,324.98593,315.3316
1129,324.35056,315.42178
1130,324.6265,315.51385
1131,326.67398,315.6255
1132,320.92877,315.67853
1133,326.2817,315.78458
1134,326.14584,315.88818
1135,325.03452,315.97964
1136,324.0034,316.05988
1137,321.4063,316.11334
1138,325.33426,316.20557
1139,327.87747,316.3223
1140,324.9578,316.40866
1141,324.41183,316.48868
1142,325.3153,316.57693
1143,325.19897,316.66315
1144,323.07922,316.72733
1145,323.92404,316.7993
1146,326.44547,316.89575
1147,325.3441,316.98026
1148,323.85547,317.049
1149,322.5202,317.1037
1150,324.66464,317.17932
1151,325.0896,317.25842
1152,324.6403,317.33224
1153,322.2815,317.38174
1154,323.04428,317.43835
1,-108.11715,-108.11715
